0	./all_file_sizes_bytes.tsv
937	./cosmos_2025/sbatch_cutout_parallel.sh
2409	./CLEAR/clear_download.py
3275	./OUTTHERE/outthere_download.py
4083	./cosmos_2025/add_sersic_morph_to_h5.py
4528	./JDA/download_spectra_from_csv.py
5475	./cosmos_2025/add_mass_to_h5.py
5573	./cosmos_2025/add_morph_to_h5.py
6457	./OUTTHERE/export_outthere_spectrum_h5.py
12158	./JDA/export_jda_spectrum.py
12208	./cosmos_2025/cutout_export.py
12698	./cosmos_2025/cutout_export_parallel.py
12781	./JDA/build_jda_image_spectrum_h5.py
14011	./OUTTHERE/export_outthere_h5.py
138653	./OUTTHERE/contamination_analysis.ipynb
167425	./cosmosf150w_jda_low/crossmatch.ipynb
176439	./CLEAR/check_image_and_spectra.ipynb
277839	./OUTTHERE/analyze_spectrum_data.ipynb
521709	./OUTTHERE/check_exported_h5.ipynb
522198	./cosmos_2025/check_dataset.ipynb
975415	./OUTTHERE/check_image_and_spectra.ipynb
2341065	./JDA/spec_to_images.ipynb
3431914	./compare_jda_cosmos.ipynb
4537569	./JDA/2025-05-01-nirspec-merged-table-v4.ipynb
5918346	./cosmos_2025/check_file.ipynb
6150088	./JDA/jda_cat.ipynb
